<!--

    SonarLint for IntelliJ IDEA
    Copyright (C) 2015 SonarSource
    sonarlint@sonarsource.com

    This program is free software; you can redistribute it and/or
    modify it under the terms of the GNU Lesser General Public
    License as published by the Free Software Foundation; either
    version 3 of the License, or (at your option) any later version.

    This program is distributed in the hope that it will be useful,
    but WITHOUT ANY WARRANTY; without even the implied warranty of
    MERCHANTABILITY or FITNESS FOR A PARTICULAR PURPOSE.  See the GNU
    Lesser General Public License for more details.

    You should have received a copy of the GNU Lesser General Public
    License along with this program; if not, write to the Free Software
    Foundation, Inc., 51 Franklin Street, Fifth Floor, Boston, MA  02

-->
<idea-plugin version="2">
  <project-components>
    <component>
        <implementation-class>org.sonarlint.intellij.trigger.MakeTrigger</implementation-class>
    </component>
  </project-components>

  <extensions defaultExtensionNs="org.sonarlint.idea">
    <AnalysisConfiguration implementation="org.sonarlint.intellij.analysis.JavaAnalysisConfigurator" />
  </extensions>

</idea-plugin>
